<!-- 
Nombre: Juan Pérez 
Curso: Lenguajes de Marcas 
Fecha: 04/04/2025 
Ejercicio: Representación de libros en XML con DTD interna 
-->

<!DOCTYPE biblioteca [
    <!ELEMENT biblioteca (libro+)>
    <!ELEMENT libro (titulo, editorial, autor, paginas)>
    <!ELEMENT titulo (#PCDATA)>
    <!ELEMENT editorial (#PCDATA)>
    <!ELEMENT autor (nombre, apellidos)>
    <!ELEMENT nombre (#PCDATA)>
    <!ELEMENT apellidos (#PCDATA)>
    <!ELEMENT paginas (#PCDATA)>
]>

<biblioteca>
    <!-- 📘 Libro 1 -->
    <libro>
        <titulo>1984</titulo>
        <editorial>Secker & Warburg</editorial>
        <autor>
            <nombre>George</nombre>
            <apellidos>Orwell</apellidos>
        </autor>
        <paginas>328</paginas>
    </libro>

    <!-- 📗 Libro 2 -->
    <libro>
        <titulo>Cien Años de Soledad</titulo>
        <editorial>Sudamericana</editorial>
        <autor>
            <nombre>Gabriel</nombre>
            <apellidos>García Márquez</apellidos>
        </autor>
        <paginas>417</paginas>
    </libro>

    <!-- 📕 Libro 3 -->
    <libro>
        <titulo>El Principito</titulo>
        <editorial>Reynal & Hitchcock</editorial>
        <autor>
            <nombre>Antoine</nombre>
            <apellidos>de Saint-Exupéry</apellidos>
        </autor>
        <paginas>96</paginas>
    </libro>
</biblioteca>
