<!--
Nombre: Juan Pérez
Curso: Lenguajes de Marcas
Fecha: 04/04/2025
Ejercicio: Equipos NBA
-->
<?xml version="1.0" encoding="UTF-8"?>
<!DOCTYPE EquiposNBA SYSTEM "equipos.dtd">
<EquiposNBA>
    <equipo conferencia="este">
        <nombre>Boston Celtics</nombre>
        <titulos>17</titulos>
        <posicion>1</posicion>
        <quinteto>Smart, Brown, Tatum, Horford, Williams</quinteto>
    </equipo>
    <equipo conferencia="oeste">
        <nombre>Los Angeles Lakers</nombre>
        <titulos>17</titulos>
        <posicion>2</posicion>
        <quinteto>Russell, Reaves, James, Vanderbilt, Davis</quinteto>
    </equipo>
</EquiposNBA>
