<!--
Nombre: Juan Pérez
Curso: Lenguajes de Marcas
Fecha: 04/04/2025
Ejercicio: Aeropuerto
-->
<?xml version="1.0" encoding="UTF-8"?>
<!DOCTYPE aeropuerto SYSTEM "aeropuerto.dtd">
<aeropuerto>
    <nombre>Barajas</nombre>
    <fecha>2025-04-04</fecha>
    <vuelos>
        <vuelo codigo="IB123" estado="C">
            <origen>Madrid</origen>
            <destino>París</destino>
            <hora>12:00</hora>
            <diario/>
        </vuelo>
        <vuelo codigo="IB456">
            <origen>Madrid</origen>
            <destino>Roma</destino>
            <hora>15:30</hora>
        </vuelo>
    </vuelos>
</aeropuerto>
