<!--
Nombre: Juan Pérez
Curso: Lenguajes de Marcas
Fecha: 04/04/2025
Ejercicio: Cuento 2 - La casa del bosque
-->
<?xml version="1.0" encoding="UTF-8"?>
<!DOCTYPE cuento SYSTEM "estructura.dtd">
<cuento cod="C02" título="La casa del bosque">
    <personajes>
        <personaje id="p1">
            <nombre>Elena</nombre>
            <género>F</género>
            <url>http://ejemplo.com/elena</url>
        </personaje>
    </personajes>
    <trama>Elena se adentra en el bosque y encuentra una casa misteriosa.</trama>
</cuento>
