<!--
Nombre: Juan Pérez
Curso: Lenguajes de Marcas
Fecha: 04/04/2025
Ejercicio: Cuento 1 - El dragón dormido
-->
<?xml version="1.0" encoding="UTF-8"?>
<!DOCTYPE cuento SYSTEM "estructura.dtd">
<cuento cod="C01" título="El dragón dormido" género="fantasía">
    <personajes>
        <personaje id="p1" tipo="principal">
            <nombre>Lucas</nombre>
            <género>M</género>
            <descripción>Un niño curioso y valiente</descripción>
            <imagen>lucas.png</imagen>
        </personaje>
        <personaje id="p2" tipo="antagonista">
            <nombre>Dragón</nombre>
            <género>N</género>
            <descripción>Una bestia que custodia un secreto</descripción>
        </personaje>
    </personajes>
    <trama>Lucas descubre un dragón dormido en una cueva mágica.</trama>
    <etiqueta nombre="aventura"/>
    <etiqueta nombre="magia"/>
    <precio moneda="usd">15.99</precio>
</cuento>
