<!--
Nombre: David Rodríguez
Curso: Lenguajes de Marcas
Fecha: 04/04/2025
Ejercicio: Corrección de errores - Documento 1
-->
<?xml version="1.0" encoding="UTF-8"?>
<!DOCTYPE favoritos [
  <!ELEMENT favoritos (marcador+)>
  <!ELEMENT marcador (nombre, uri)>
  <!ELEMENT nombre (#PCDATA)>
  <!ELEMENT uri (#PCDATA)>
]>
<favoritos>
  <marcador>
    <nombre>W3C</nombre>
    <uri>http://www.w3.org/</uri>
  </marcador>
  <marcador>
    <nombre>Web Hypertext Application Technology Working Group (WHATWG)</nombre>
    <uri>http://www.whatwg.org/</uri>
  </marcador>
</favoritos>