<!--
Nombre: David Rodríguez
Curso: Lenguajes de Marcas
Fecha: 04/04/2025
Ejercicio: Corrección de errores - Documento 6
-->
<?xml version="1.0" encoding="UTF-8"?>
<!DOCTYPE paises [
  <!ELEMENT pais (nombre, unionEuropea?, otan?)>
  <!ELEMENT nombre (#PCDATA)>
  <!ELEMENT unionEuropea EMPTY>
  <!ELEMENT otan EMPTY>
]>
<paises>
  <pais>
    <nombre>España</nombre>
    <unionEuropea />
    <otan />
  </pais>
  <pais>
    <nombre>Noruega</nombre>
    <unionEuropea />
    <otan />
  </pais>
  <pais>
    <nombre>Austria</nombre>
    <unionEuropea />
  </pais>
</paises>