<!--
Nombre: David Rodríguez
Curso: Lenguajes de Marcas
Fecha: 04/04/2025
Ejercicio: Corrección de errores - Documento 8
-->
<?xml version="1.0" encoding="UTF-8"?>
<!DOCTYPE agenda [
  <!ELEMENT agenda (contacto*)>
  <!ELEMENT contacto (nombre, telefonoFijo*, telefonoMovil+)>
  <!ELEMENT nombre (#PCDATA)>
  <!ELEMENT telefonoFijo (#PCDATA)>
  <!ELEMENT telefonoMovil (#PCDATA)>
]>
<?xml version="1.0" encoding="UTF-8"?>
<!DOCTYPE contabilidad [
    <!ELEMENT contabilidad ((ingreso | gasto)*)>
    <!ELEMENT ingreso >
    <!ELEMENT gasto >
    <!ELEMENT fecha (#PCDATA)>
    <!ELEMENT cantidad (#PCDATA)>
    <!ELEMENT concepto (#PCDATA)>
]>
<contabilidad>
    <apunte>
        <ingreso />
        <fecha>24 de febrero de 2011</fecha>
        <cantidad>1800,00 €</cantidad>
        <concepto>Salario</concepto>
    </apunte>
    <apunte>
        <gasto />
        <fecha>28 de febrero de 2011</fecha>
        <cantidad>74,25 €</cantidad>
        <concepto>Recibo luz</concepto>
    </apunte>
</contabilidad>