<!--
Nombre: David Rodríguez
Curso: Lenguajes de Marcas
Fecha: 04/04/2025
Ejercicio: Corrección de errores - Documento 7
-->
<?xml version="1.0" encoding="UTF-8"?>
<!DOCTYPE colores [
    <!ELEMENT colores (color*)>
    <!ELEMENT color (nombreSvg, codigo)>
    <!ELEMENT nombreSvg (#PCDATA)>
    <!ELEMENT codigo (rgb | cmyk)>
    <!ELEMENT rgb (#PCDATA)>
    <!ELEMENT cmyk (#PCDATA)>
]>
<colores>
    <color>
        <nombreSvg>Purple</nombreSvg>
        <codigo>
            <rgb>#800080</rgb>
        </codigo>
    </color>
    <color>
        <nombreSvg>Green</nombreSvg>
        <codigo>
            <cmyk>#00FF007F</cmyk>
        </codigo>
    </color>
</colores>