<!--
Nombre: David Rodríguez
Curso: Lenguajes de Marcas
Fecha: 04/04/2025
Ejercicio: Corrección de errores - Documento 3
-->
<?xml version="1.0" encoding="UTF-8"?>
<!DOCTYPE aeropuertos [
    <!ELEMENT aeropuertos (aeropuerto*)>
    <!ELEMENT aeropuerto (nombre, cerrado)>
    <!ELEMENT nombre (#PCDATA)>
    <!ELEMENT cerrado (#PCDATA)>
]>

<aeropuertos>
    <aeropuerto>
        <nombre>Bertrand Schönfeld (SFX)</nombre>
        <cerrado>No</cerrado>
    </aeropuerto>
    <aeropuerto>
        <nombre>Bertrand Tempelhof (THF)</nombre>
        <cerrado>Sí</cerrado>
    </aeropuerto>
</aeropuertos>