<!--
Nombre: David Rodríguez
Curso: Lenguajes de Marcas
Fecha: 04/04/2025
Ejercicio: Corrección de errores - Documento 4
-->
<?xml version="1.0" encoding="UTF-8"?>
<!DOCTYPE vuelos [
  <!ELEMENT vuelos (vuelo+)>
  <!ELEMENT vuelo (origen, destino)>
  <!ELEMENT origen (#PCDATA)>
  <!ELEMENT destino (#PCDATA)>
]>
<vuelos>
  <vuelo>
    <origen>Valencia (VLC)</origen>
    <destino>Londres Heathrow (LHR)</destino>
  </vuelo>
  <vuelo>
    <destino>Berín Schönefeld (SFX)</destino>
    <origen>París Charles de Gaulle (CDG)</origen>
  </vuelo>
</vuelos>