<!-- 
Nombre: Juan Pérez 
Curso: Lenguajes de Marcas 
Fecha: 04/04/2025 
Ejercicio: Jugadores de baloncesto en XML con DTD externa privada 
-->

<!DOCTYPE liga SYSTEM "jugadores.dtd">

<liga>
    <!-- 🏀 Jugador 1 -->
    <jugador>
        <nombre>LeBron</nombre>
        <apellidos>James</apellidos>
        <equipo>
            <ciudad>Los Angeles</ciudad>
            <presidente>
                <nombrePresidente>Jeanie</nombrePresidente>
                <apellidosPresidente>Buss</apellidosPresidente>
            </presidente>
        </equipo>
        <edad>39</edad>
    </jugador>

    <!-- 🏀 Jugador 2 -->
    <jugador>
        <nombre>Luka</nombre>
        <apellidos>Doncic</apellidos>
        <equipo>
            <ciudad>Dallas</ciudad>
            <presidente>
                <nombrePresidente>Mark</nombrePresidente>
                <apellidosPresidente>Cuban</apellidosPresidente>
            </presidente>
        </equipo>
        <edad>25</edad>
    </jugador>

    <!-- 🏀 Jugador 3 -->
    <jugador>
        <nombre>Stephen</nombre>
        <apellidos>Curry</apellidos>
        <equipo>
            <ciudad>San Francisco</ciudad>
            <presidente>
                <nombrePresidente>Joe</nombrePresidente>
                <apellidosPresidente>Lacob</apellidosPresidente>
            </presidente>
        </equipo>
        <edad>36</edad>
    </jugador>
</liga>
