<!--
Nombre: Juan Pérez
Curso: Lenguajes de Marcas
Fecha: 04/04/2025
Ejercicio: Factura electrónica
-->
<?xml version="1.0" encoding="UTF-8"?>
<!DOCTYPE factura SYSTEM "factura.dtd">
<factura numero="F1234" fecha="2025-04-04">
    <datos-emisor>
        <nombre>Librería Central</nombre>
        <cif>B12345678</cif>
        <telefono>912345678</telefono>
    </datos-emisor>
    <datos-cliente>
        <nombre>Biblioteca Nacional</nombre>
        <cif>Q87654321</cif>
        <telefono>911234567</telefono>
    </datos-cliente>
    <detalle-factura importe="125.00">
        <linea codigo-articulo="A001" tipo="Libro">
            <descripcion>Programación en XML</descripcion>
            <cantidad>2</cantidad>
            <pvp>25.00</pvp>
            <oferta/>
        </linea>
        <linea codigo-articulo="A002" tipo="DVD">
            <descripcion>Curso Java</descripcion>
            <cantidad>1</cantidad>
            <pvp>50.00</pvp>
        </linea>
    </detalle-factura>
</factura>
