<!-- 
Nombre: Juan Pérez 
Curso: Lenguajes de Marcas 
Fecha: 04/04/2025 
Ejercicio: Validación de agenda XML con DTD externa 
-->

<!DOCTYPE agenda SYSTEM "agenda.dtd">

<agenda>
    <nombre>Antonio</nombre>
    <apellido>Sánchez</apellido>
    <apellido>Pérez</apellido>
    <telefono>666555444</telefono>
    <fecha_nacimiento>
        <anio>2000</anio>
        <mes>01</mes>
        <dia>20</dia>
    </fecha_nacimiento>
    <lugar_nacimiento>
        <pais>España</pais>
        <ciudad>Madrid</ciudad>
        <localidad>Getafe</localidad>
    </lugar_nacimiento>
</agenda>
